filename,date,year,month,day,issue_number,url,local_path,status,size_bytes,error
kev_20121212_6.pdf,2012-12-12,2012,12,12,6,https://koszeg.hu/pictures/koszeg/kev/kev_20121212_6.pdf,koszeg_es_videke_archive\pdf\2012\kev_20121212_6.pdf,downloaded,9844451,
kev_20130123_5.pdf,2013-01-23,2013,1,23,5,https://koszeg.hu/pictures/koszeg/kev/kev_20130123_5.pdf,koszeg_es_videke_archive\pdf\2013\kev_20130123_5.pdf,downloaded,7789602,
kev_20130214_4.pdf,2013-02-14,2013,2,14,4,https://koszeg.hu/pictures/koszeg/kev/kev_20130214_4.pdf,koszeg_es_videke_archive\pdf\2013\kev_20130214_4.pdf,downloaded,9081435,
kev_20130313_3.pdf,2013-03-13,2013,3,13,3,https://koszeg.hu/pictures/koszeg/kev/kev_20130313_3.pdf,koszeg_es_videke_archive\pdf\2013\kev_20130313_3.pdf,downloaded,8666234,
kev_20130410_2.pdf,2013-04-10,2013,4,10,2,https://koszeg.hu/pictures/koszeg/kev/kev_20130410_2.pdf,koszeg_es_videke_archive\pdf\2013\kev_20130410_2.pdf,downloaded,8817943,
kev_20130511_1.pdf,2013-05-11,2013,5,11,1,https://koszeg.hu/pictures/koszeg/kev/kev_20130511_1.pdf,koszeg_es_videke_archive\pdf\2013\kev_20130511_1.pdf,downloaded,7669014,
kev_20130613_7.pdf,2013-06-13,2013,6,13,7,https://koszeg.hu/pictures/koszeg/kev/kev_20130613_7.pdf,koszeg_es_videke_archive\pdf\2013\kev_20130613_7.pdf,downloaded,10768151,
kev_20130711_8.pdf,2013-07-11,2013,7,11,8,https://koszeg.hu/pictures/koszeg/kev/kev_20130711_8.pdf,koszeg_es_videke_archive\pdf\2013\kev_20130711_8.pdf,downloaded,8538992,
kev_20130814_9.pdf,2013-08-14,2013,8,14,9,https://koszeg.hu/pictures/koszeg/kev/kev_20130814_9.pdf,koszeg_es_videke_archive\pdf\2013\kev_20130814_9.pdf,downloaded,8627865,
kev_20130912_10.pdf,2013-09-12,2013,9,12,10,https://koszeg.hu/pictures/koszeg/kev/kev_20130912_10.pdf,koszeg_es_videke_archive\pdf\2013\kev_20130912_10.pdf,downloaded,12891032,
kev_20131016_11.pdf,2013-10-16,2013,10,16,11,https://koszeg.hu/pictures/koszeg/kev/kev_20131016_11.pdf,koszeg_es_videke_archive\pdf\2013\kev_20131016_11.pdf,downloaded,8531156,
kev_20131113_12.pdf,2013-11-13,2013,11,13,12,https://koszeg.hu/pictures/koszeg/kev/kev_20131113_12.pdf,koszeg_es_videke_archive\pdf\2013\kev_20131113_12.pdf,downloaded,9961058,
kev_20131211_13.pdf,2013-12-11,2013,12,11,13,https://koszeg.hu/pictures/koszeg/kev/kev_20131211_13.pdf,koszeg_es_videke_archive\pdf\2013\kev_20131211_13.pdf,downloaded,8259817,
kev_20140121_14.pdf,2014-01-21,2014,1,21,14,https://koszeg.hu/pictures/koszeg/kev/kev_20140121_14.pdf,koszeg_es_videke_archive\pdf\2014\kev_20140121_14.pdf,downloaded,7169809,
kev_20140218_15.pdf,2014-02-18,2014,2,18,15,https://koszeg.hu/pictures/koszeg/kev/kev_20140218_15.pdf,koszeg_es_videke_archive\pdf\2014\kev_20140218_15.pdf,downloaded,9618650,
kev_20140318_16.pdf,2014-03-18,2014,3,18,16,https://koszeg.hu/pictures/koszeg/kev/kev_20140318_16.pdf,koszeg_es_videke_archive\pdf\2014\kev_20140318_16.pdf,downloaded,10809101,
kev_20140415_17.pdf,2014-04-15,2014,4,15,17,https://koszeg.hu/pictures/koszeg/kev/kev_20140415_17.pdf,koszeg_es_videke_archive\pdf\2014\kev_20140415_17.pdf,downloaded,10521883,
kev_20140513_18.pdf,2014-05-13,2014,5,13,18,https://koszeg.hu/pictures/koszeg/kev/kev_20140513_18.pdf,koszeg_es_videke_archive\pdf\2014\kev_20140513_18.pdf,downloaded,8842410,
kev_20140617_19.pdf,2014-06-17,2014,6,17,19,https://koszeg.hu/pictures/koszeg/kev/kev_20140617_19.pdf,koszeg_es_videke_archive\pdf\2014\kev_20140617_19.pdf,downloaded,10240096,
kev_20140715_20.pdf,2014-07-15,2014,7,15,20,https://koszeg.hu/pictures/koszeg/kev/kev_20140715_20.pdf,koszeg_es_videke_archive\pdf\2014\kev_20140715_20.pdf,downloaded,10550898,
kev_20140812_21.pdf,2014-08-12,2014,8,12,21,https://koszeg.hu/pictures/koszeg/kev/kev_20140812_21.pdf,koszeg_es_videke_archive\pdf\2014\kev_20140812_21.pdf,downloaded,8040775,
kev_20140918_22.pdf,2014-09-18,2014,9,18,22,https://koszeg.hu/pictures/koszeg/kev/kev_20140918_22.pdf,koszeg_es_videke_archive\pdf\2014\kev_20140918_22.pdf,downloaded,10405474,
kev_20141014_23.pdf,2014-10-14,2014,10,14,23,https://koszeg.hu/pictures/koszeg/kev/kev_20141014_23.pdf,koszeg_es_videke_archive\pdf\2014\kev_20141014_23.pdf,downloaded,10937219,
kev_20141111_24.pdf,2014-11-11,2014,11,11,24,https://koszeg.hu/pictures/koszeg/kev/kev_20141111_24.pdf,koszeg_es_videke_archive\pdf\2014\kev_20141111_24.pdf,downloaded,8188829,
kev_20141216_25.pdf,2014-12-16,2014,12,16,25,https://koszeg.hu/pictures/koszeg/kev/kev_20141216_25.pdf,koszeg_es_videke_archive\pdf\2014\kev_20141216_25.pdf,downloaded,8551491,
kev_20150120_26.pdf,2015-01-20,2015,1,20,26,https://koszeg.hu/pictures/koszeg/kev/kev_20150120_26.pdf,koszeg_es_videke_archive\pdf\2015\kev_20150120_26.pdf,downloaded,7408901,
kev_20150217_27.pdf,2015-02-17,2015,2,17,27,https://koszeg.hu/pictures/koszeg/kev/kev_20150217_27.pdf,koszeg_es_videke_archive\pdf\2015\kev_20150217_27.pdf,downloaded,11517809,
kev_20150317_28.pdf,2015-03-17,2015,3,17,28,https://koszeg.hu/pictures/koszeg/kev/kev_20150317_28.pdf,koszeg_es_videke_archive\pdf\2015\kev_20150317_28.pdf,downloaded,10673422,
kev_20150414_29.pdf,2015-04-14,2015,4,14,29,https://koszeg.hu/pictures/koszeg/kev/kev_20150414_29.pdf,koszeg_es_videke_archive\pdf\2015\kev_20150414_29.pdf,downloaded,10253686,
kev_20150512_30.pdf,2015-05-12,2015,5,12,30,https://koszeg.hu/pictures/koszeg/kev/kev_20150512_30.pdf,koszeg_es_videke_archive\pdf\2015\kev_20150512_30.pdf,downloaded,9961103,
kev_20150616_31.pdf,2015-06-16,2015,6,16,31,https://koszeg.hu/pictures/koszeg/kev/kev_20150616_31.pdf,koszeg_es_videke_archive\pdf\2015\kev_20150616_31.pdf,downloaded,10263493,
kev_20150714_32.pdf,2015-07-14,2015,7,14,32,https://koszeg.hu/pictures/koszeg/kev/kev_20150714_32.pdf,koszeg_es_videke_archive\pdf\2015\kev_20150714_32.pdf,downloaded,10379234,
kev_20150813_33.pdf,2015-08-13,2015,8,13,33,https://koszeg.hu/pictures/koszeg/kev/kev_20150813_33.pdf,koszeg_es_videke_archive\pdf\2015\kev_20150813_33.pdf,downloaded,10334858,
kev_20150917_34.pdf,2015-09-17,2015,9,17,34,https://koszeg.hu/pictures/koszeg/kev/kev_20150917_34.pdf,koszeg_es_videke_archive\pdf\2015\kev_20150917_34.pdf,downloaded,10448057,
kev_20151013_35.pdf,2015-10-13,2015,10,13,35,https://koszeg.hu/pictures/koszeg/kev/kev_20151013_35.pdf,koszeg_es_videke_archive\pdf\2015\kev_20151013_35.pdf,downloaded,10648072,
kev_20151117_36.pdf,2015-11-17,2015,11,17,36,https://koszeg.hu/pictures/koszeg/kev/kev_20151117_36.pdf,koszeg_es_videke_archive\pdf\2015\kev_20151117_36.pdf,downloaded,10310047,
kev_20151128_37.pdf,2015-11-28,2015,11,28,37,https://koszeg.hu/pictures/koszeg/kev/kev_20151128_37.pdf,koszeg_es_videke_archive\pdf\2015\kev_20151128_37.pdf,downloaded,7311812,
kev_20151215_38.pdf,2015-12-15,2015,12,15,38,https://koszeg.hu/pictures/koszeg/kev/kev_20151215_38.pdf,koszeg_es_videke_archive\pdf\2015\kev_20151215_38.pdf,downloaded,10323048,
kev_20160120_39.pdf,2016-01-20,2016,1,20,39,https://koszeg.hu/pictures/koszeg/kev/kev_20160120_39.pdf,koszeg_es_videke_archive\pdf\2016\kev_20160120_39.pdf,downloaded,9957974,
kev_20160216_40.pdf,2016-02-16,2016,2,16,40,https://koszeg.hu/pictures/koszeg/kev/kev_20160216_40.pdf,koszeg_es_videke_archive\pdf\2016\kev_20160216_40.pdf,downloaded,11793738,
kev_20160316_42.pdf,2016-03-16,2016,3,16,42,https://koszeg.hu/pictures/koszeg/kev/kev_20160316_42.pdf,koszeg_es_videke_archive\pdf\2016\kev_20160316_42.pdf,downloaded,11296791,
kev_20160412_43.pdf,2016-04-12,2016,4,12,43,https://koszeg.hu/pictures/koszeg/kev/kev_20160412_43.pdf,koszeg_es_videke_archive\pdf\2016\kev_20160412_43.pdf,downloaded,10675454,
kev_20160512_44.pdf,2016-05-12,2016,5,12,44,https://koszeg.hu/pictures/koszeg/kev/kev_20160512_44.pdf,koszeg_es_videke_archive\pdf\2016\kev_20160512_44.pdf,downloaded,9588478,
kev_20160615_45.pdf,2016-06-15,2016,6,15,45,https://koszeg.hu/pictures/koszeg/kev/kev_20160615_45.pdf,koszeg_es_videke_archive\pdf\2016\kev_20160615_45.pdf,downloaded,11393125,
kev_20160714_46.pdf,2016-07-14,2016,7,14,46,https://koszeg.hu/pictures/koszeg/kev/kev_20160714_46.pdf,koszeg_es_videke_archive\pdf\2016\kev_20160714_46.pdf,downloaded,10384745,
kev_20160810_47.pdf,2016-08-10,2016,8,10,47,https://koszeg.hu/pictures/koszeg/kev/kev_20160810_47.pdf,koszeg_es_videke_archive\pdf\2016\kev_20160810_47.pdf,downloaded,10543903,
kev_20160914_48.pdf,2016-09-14,2016,9,14,48,https://koszeg.hu/pictures/koszeg/kev/kev_20160914_48.pdf,koszeg_es_videke_archive\pdf\2016\kev_20160914_48.pdf,downloaded,10691942,
kev_20161018_49.pdf,2016-10-18,2016,10,18,49,https://koszeg.hu/pictures/koszeg/kev/kev_20161018_49.pdf,koszeg_es_videke_archive\pdf\2016\kev_20161018_49.pdf,downloaded,10619360,
kev_20161116_50.pdf,2016-11-16,2016,11,16,50,https://koszeg.hu/pictures/koszeg/kev/kev_20161116_50.pdf,koszeg_es_videke_archive\pdf\2016\kev_20161116_50.pdf,downloaded,9648240,
kev_20161213_51.pdf,2016-12-13,2016,12,13,51,https://koszeg.hu/pictures/koszeg/kev/kev_20161213_51.pdf,koszeg_es_videke_archive\pdf\2016\kev_20161213_51.pdf,downloaded,13249065,
kev_20170125_52.pdf,2017-01-25,2017,1,25,52,https://koszeg.hu/pictures/koszeg/kev/kev_20170125_52.pdf,koszeg_es_videke_archive\pdf\2017\kev_20170125_52.pdf,downloaded,7931206,
kev_20170214_53.pdf,2017-02-14,2017,2,14,53,https://koszeg.hu/pictures/koszeg/kev/kev_20170214_53.pdf,koszeg_es_videke_archive\pdf\2017\kev_20170214_53.pdf,downloaded,9908306,
kev_20170316_54.pdf,2017-03-16,2017,3,16,54,https://koszeg.hu/pictures/koszeg/kev/kev_20170316_54.pdf,koszeg_es_videke_archive\pdf\2017\kev_20170316_54.pdf,downloaded,9354136,
kev_20170411_55.pdf,2017-04-11,2017,4,11,55,https://koszeg.hu/pictures/koszeg/kev/kev_20170411_55.pdf,koszeg_es_videke_archive\pdf\2017\kev_20170411_55.pdf,downloaded,8160969,
kev_20170511_56.pdf,2017-05-11,2017,5,11,56,https://koszeg.hu/pictures/koszeg/kev/kev_20170511_56.pdf,koszeg_es_videke_archive\pdf\2017\kev_20170511_56.pdf,downloaded,9442158,
kev_20170615_57.pdf,2017-06-15,2017,6,15,57,https://koszeg.hu/pictures/koszeg/kev/kev_20170615_57.pdf,koszeg_es_videke_archive\pdf\2017\kev_20170615_57.pdf,downloaded,8801122,
kev_20170713_58.pdf,2017-07-13,2017,7,13,58,https://koszeg.hu/pictures/koszeg/kev/kev_20170713_58.pdf,koszeg_es_videke_archive\pdf\2017\kev_20170713_58.pdf,downloaded,8896590,
kev_20170808_59.pdf,2017-08-08,2017,8,8,59,https://koszeg.hu/pictures/koszeg/kev/kev_20170808_59.pdf,koszeg_es_videke_archive\pdf\2017\kev_20170808_59.pdf,downloaded,9225881,
kev_20170913_60.pdf,2017-09-13,2017,9,13,60,https://koszeg.hu/pictures/koszeg/kev/kev_20170913_60.pdf,koszeg_es_videke_archive\pdf\2017\kev_20170913_60.pdf,downloaded,8632355,
kev_20171018_61.pdf,2017-10-18,2017,10,18,61,https://koszeg.hu/pictures/koszeg/kev/kev_20171018_61.pdf,koszeg_es_videke_archive\pdf\2017\kev_20171018_61.pdf,downloaded,8706563,
kev_20171114_62.pdf,2017-11-14,2017,11,14,62,https://koszeg.hu/pictures/koszeg/kev/kev_20171114_62.pdf,koszeg_es_videke_archive\pdf\2017\kev_20171114_62.pdf,downloaded,8854357,
kev_20171214_63.pdf,2017-12-14,2017,12,14,63,https://koszeg.hu/pictures/koszeg/kev/kev_20171214_63.pdf,koszeg_es_videke_archive\pdf\2017\kev_20171214_63.pdf,downloaded,10605358,
kev_20180124_64.pdf,2018-01-24,2018,1,24,64,https://koszeg.hu/pictures/koszeg/kev/kev_20180124_64.pdf,koszeg_es_videke_archive\pdf\2018\kev_20180124_64.pdf,downloaded,9590986,
kev_20180221_65.pdf,2018-02-21,2018,2,21,65,https://koszeg.hu/pictures/koszeg/kev/kev_20180221_65.pdf,koszeg_es_videke_archive\pdf\2018\kev_20180221_65.pdf,downloaded,9116400,
kev_20180314_66.pdf,2018-03-14,2018,3,14,66,https://koszeg.hu/pictures/koszeg/kev/kev_20180314_66.pdf,koszeg_es_videke_archive\pdf\2018\kev_20180314_66.pdf,downloaded,11565275,
kev_20180411_67.pdf,2018-04-11,2018,4,11,67,https://koszeg.hu/pictures/koszeg/kev/kev_20180411_67.pdf,koszeg_es_videke_archive\pdf\2018\kev_20180411_67.pdf,downloaded,8265393,
kev_20180516_68.pdf,2018-05-16,2018,5,16,68,https://koszeg.hu/pictures/koszeg/kev/kev_20180516_68.pdf,koszeg_es_videke_archive\pdf\2018\kev_20180516_68.pdf,downloaded,8510403,
kev_20180621_69.pdf,2018-06-21,2018,6,21,69,https://koszeg.hu/pictures/koszeg/kev/kev_20180621_69.pdf,koszeg_es_videke_archive\pdf\2018\kev_20180621_69.pdf,downloaded,8928671,
kev_20180720_70.pdf,2018-07-20,2018,7,20,70,https://koszeg.hu/pictures/koszeg/kev/kev_20180720_70.pdf,koszeg_es_videke_archive\pdf\2018\kev_20180720_70.pdf,downloaded,8453904,
kev_20180815_71.pdf,2018-08-15,2018,8,15,71,https://koszeg.hu/pictures/koszeg/kev/kev_20180815_71.pdf,koszeg_es_videke_archive\pdf\2018\kev_20180815_71.pdf,downloaded,8679332,
kev_20180917_72.pdf,2018-09-17,2018,9,17,72,https://koszeg.hu/pictures/koszeg/kev/kev_20180917_72.pdf,koszeg_es_videke_archive\pdf\2018\kev_20180917_72.pdf,downloaded,8559639,
kev_20181015_73.pdf,2018-10-15,2018,10,15,73,https://koszeg.hu/pictures/koszeg/kev/kev_20181015_73.pdf,koszeg_es_videke_archive\pdf\2018\kev_20181015_73.pdf,downloaded,10201233,
kev_20181115_74.pdf,2018-11-15,2018,11,15,74,https://koszeg.hu/pictures/koszeg/kev/kev_20181115_74.pdf,koszeg_es_videke_archive\pdf\2018\kev_20181115_74.pdf,downloaded,10972235,
kev_20181213_75.pdf,2018-12-13,2018,12,13,75,https://koszeg.hu/pictures/koszeg/kev/kev_20181213_75.pdf,koszeg_es_videke_archive\pdf\2018\kev_20181213_75.pdf,downloaded,9298717,
kev_20190123_76.pdf,2019-01-23,2019,1,23,76,https://koszeg.hu/pictures/koszeg/kev/kev_20190123_76.pdf,koszeg_es_videke_archive\pdf\2019\kev_20190123_76.pdf,downloaded,8551482,
kev_20190220_77.pdf,2019-02-20,2019,2,20,77,https://koszeg.hu/pictures/koszeg/kev/kev_20190220_77.pdf,koszeg_es_videke_archive\pdf\2019\kev_20190220_77.pdf,downloaded,9883176,
kev_20190320_78.pdf,2019-03-20,2019,3,20,78,https://koszeg.hu/pictures/koszeg/kev/kev_20190320_78.pdf,koszeg_es_videke_archive\pdf\2019\kev_20190320_78.pdf,downloaded,9274643,
kev_20190417_79.pdf,2019-04-17,2019,4,17,79,https://koszeg.hu/pictures/koszeg/kev/kev_20190417_79.pdf,koszeg_es_videke_archive\pdf\2019\kev_20190417_79.pdf,downloaded,9091434,
kev_20190515_80.pdf,2019-05-15,2019,5,15,80,https://koszeg.hu/pictures/koszeg/kev/kev_20190515_80.pdf,koszeg_es_videke_archive\pdf\2019\kev_20190515_80.pdf,downloaded,9520002,
kev_20190621_81.pdf,2019-06-21,2019,6,21,81,https://koszeg.hu/pictures/koszeg/kev/kev_20190621_81.pdf,koszeg_es_videke_archive\pdf\2019\kev_20190621_81.pdf,downloaded,8760649,
kev_20190718_82.pdf,2019-07-18,2019,7,18,82,https://koszeg.hu/pictures/koszeg/kev/kev_20190718_82.pdf,koszeg_es_videke_archive\pdf\2019\kev_20190718_82.pdf,downloaded,10690529,
kev_20190814_83.pdf,2019-08-14,2019,8,14,83,https://koszeg.hu/pictures/koszeg/kev/kev_20190814_83.pdf,koszeg_es_videke_archive\pdf\2019\kev_20190814_83.pdf,downloaded,10380392,
kev_20190918_84.pdf,2019-09-18,2019,9,18,84,https://koszeg.hu/pictures/koszeg/kev/kev_20190918_84.pdf,koszeg_es_videke_archive\pdf\2019\kev_20190918_84.pdf,downloaded,10412343,
kev_20191016_85.pdf,2019-10-16,2019,10,16,85,https://koszeg.hu/pictures/koszeg/kev/kev_20191016_85.pdf,koszeg_es_videke_archive\pdf\2019\kev_20191016_85.pdf,downloaded,8710533,
kev_20191120_86.pdf,2019-11-20,2019,11,20,86,https://koszeg.hu/pictures/koszeg/kev/kev_20191120_86.pdf,koszeg_es_videke_archive\pdf\2019\kev_20191120_86.pdf,downloaded,7481474,
kev_20191218_87.pdf,2019-12-18,2019,12,18,87,https://koszeg.hu/pictures/koszeg/kev/kev_20191218_87.pdf,koszeg_es_videke_archive\pdf\2019\kev_20191218_87.pdf,downloaded,9147287,
kev_20200122_88.pdf,2020-01-22,2020,1,22,88,https://koszeg.hu/pictures/koszeg/kev/kev_20200122_88.pdf,koszeg_es_videke_archive\pdf\2020\kev_20200122_88.pdf,downloaded,8497428,
kev_20200220_89.pdf,2020-02-20,2020,2,20,89,https://koszeg.hu/pictures/koszeg/kev/kev_20200220_89.pdf,koszeg_es_videke_archive\pdf\2020\kev_20200220_89.pdf,downloaded,7901488,
kev_20200318_90.pdf,2020-03-18,2020,3,18,90,https://koszeg.hu/pictures/koszeg/kev/kev_20200318_90.pdf,koszeg_es_videke_archive\pdf\2020\kev_20200318_90.pdf,downloaded,7661966,
kev_20200423_91.pdf,2020-04-23,2020,4,23,91,https://koszeg.hu/pictures/koszeg/kev/kev_20200423_91.pdf,koszeg_es_videke_archive\pdf\2020\kev_20200423_91.pdf,downloaded,5095912,
kev_20200521_92.pdf,2020-05-21,2020,5,21,92,https://koszeg.hu/pictures/koszeg/kev/kev_20200521_92.pdf,koszeg_es_videke_archive\pdf\2020\kev_20200521_92.pdf,downloaded,3908507,
kev_20200617_93.pdf,2020-06-17,2020,6,17,93,https://koszeg.hu/pictures/koszeg/kev/kev_20200617_93.pdf,koszeg_es_videke_archive\pdf\2020\kev_20200617_93.pdf,downloaded,6209458,
kev_20200715_94.pdf,2020-07-15,2020,7,15,94,https://koszeg.hu/pictures/koszeg/kev/kev_20200715_94.pdf,koszeg_es_videke_archive\pdf\2020\kev_20200715_94.pdf,downloaded,6250183,
kev_20200824_95.pdf,2020-08-24,2020,8,24,95,https://koszeg.hu/pictures/koszeg/kev/kev_20200824_95.pdf,koszeg_es_videke_archive\pdf\2020\kev_20200824_95.pdf,downloaded,6607812,
kev_20200916_96.pdf,2020-09-16,2020,9,16,96,https://koszeg.hu/pictures/koszeg/kev/kev_20200916_96.pdf,koszeg_es_videke_archive\pdf\2020\kev_20200916_96.pdf,downloaded,5614172,
kev_20201015_97.pdf,2020-10-15,2020,10,15,97,https://koszeg.hu/pictures/koszeg/kev/kev_20201015_97.pdf,koszeg_es_videke_archive\pdf\2020\kev_20201015_97.pdf,downloaded,5993045,
kev_20201119_98.pdf,2020-11-19,2020,11,19,98,https://koszeg.hu/pictures/koszeg/kev/kev_20201119_98.pdf,koszeg_es_videke_archive\pdf\2020\kev_20201119_98.pdf,downloaded,6653577,
kev_20201217_99.pdf,2020-12-17,2020,12,17,99,https://koszeg.hu/pictures/koszeg/kev/kev_20201217_99.pdf,koszeg_es_videke_archive\pdf\2020\kev_20201217_99.pdf,downloaded,9391851,
kev_20210120_100.pdf,2021-01-20,2021,1,20,100,https://koszeg.hu/pictures/koszeg/kev/kev_20210120_100.pdf,koszeg_es_videke_archive\pdf\2021\kev_20210120_100.pdf,downloaded,6968864,
kev_20210217_101.pdf,2021-02-17,2021,2,17,101,https://koszeg.hu/pictures/koszeg/kev/kev_20210217_101.pdf,koszeg_es_videke_archive\pdf\2021\kev_20210217_101.pdf,downloaded,11219043,
kev_20210322_102.pdf,2021-03-22,2021,3,22,102,https://koszeg.hu/pictures/koszeg/kev/kev_20210322_102.pdf,koszeg_es_videke_archive\pdf\2021\kev_20210322_102.pdf,downloaded,6279657,
kev_20210421_103.pdf,2021-04-21,2021,4,21,103,https://koszeg.hu/pictures/koszeg/kev/kev_20210421_103.pdf,koszeg_es_videke_archive\pdf\2021\kev_20210421_103.pdf,downloaded,6619682,
kev_20210519_104.pdf,2021-05-19,2021,5,19,104,https://koszeg.hu/pictures/koszeg/kev/kev_20210519_104.pdf,koszeg_es_videke_archive\pdf\2021\kev_20210519_104.pdf,downloaded,8956153,
kev_20210617_105.pdf,2021-06-17,2021,6,17,105,https://koszeg.hu/pictures/koszeg/kev/kev_20210617_105.pdf,koszeg_es_videke_archive\pdf\2021\kev_20210617_105.pdf,downloaded,6454619,
kev_20210721_106.pdf,2021-07-21,2021,7,21,106,https://koszeg.hu/pictures/koszeg/kev/kev_20210721_106.pdf,koszeg_es_videke_archive\pdf\2021\kev_20210721_106.pdf,downloaded,6827147,
kev_20210818_107.pdf,2021-08-18,2021,8,18,107,https://koszeg.hu/pictures/koszeg/kev/kev_20210818_107.pdf,koszeg_es_videke_archive\pdf\2021\kev_20210818_107.pdf,downloaded,8778195,
kev_20210914_108.pdf,2021-09-14,2021,9,14,108,https://koszeg.hu/pictures/koszeg/kev/kev_20210914_108.pdf,koszeg_es_videke_archive\pdf\2021\kev_20210914_108.pdf,downloaded,6770734,
kev_20211018_109.pdf,2021-10-18,2021,10,18,109,https://koszeg.hu/pictures/koszeg/kev/kev_20211018_109.pdf,koszeg_es_videke_archive\pdf\2021\kev_20211018_109.pdf,downloaded,7591827,
kev_20211115_110.pdf,2021-11-15,2021,11,15,110,https://koszeg.hu/pictures/koszeg/kev/kev_20211115_110.pdf,koszeg_es_videke_archive\pdf\2021\kev_20211115_110.pdf,downloaded,7471412,
kev_20211213_111.pdf,2021-12-13,2021,12,13,111,https://koszeg.hu/pictures/koszeg/kev/kev_20211213_111.pdf,koszeg_es_videke_archive\pdf\2021\kev_20211213_111.pdf,downloaded,9309569,
kev_20220117_112.pdf,2022-01-17,2022,1,17,112,https://koszeg.hu/pictures/koszeg/kev/kev_20220117_112.pdf,koszeg_es_videke_archive\pdf\2022\kev_20220117_112.pdf,downloaded,7706249,
kev_20220214_113.pdf,2022-02-14,2022,2,14,113,https://koszeg.hu/pictures/koszeg/kev/kev_20220214_113.pdf,koszeg_es_videke_archive\pdf\2022\kev_20220214_113.pdf,downloaded,7648303,
kev_20220314_114.pdf,2022-03-14,2022,3,14,114,https://koszeg.hu/pictures/koszeg/kev/kev_20220314_114.pdf,koszeg_es_videke_archive\pdf\2022\kev_20220314_114.pdf,downloaded,8972974,
kev_20220411_115.pdf,2022-04-11,2022,4,11,115,https://koszeg.hu/pictures/koszeg/kev/kev_20220411_115.pdf,koszeg_es_videke_archive\pdf\2022\kev_20220411_115.pdf,downloaded,8101617,
kev_20220509_116.pdf,2022-05-09,2022,5,9,116,https://koszeg.hu/pictures/koszeg/kev/kev_20220509_116.pdf,koszeg_es_videke_archive\pdf\2022\kev_20220509_116.pdf,downloaded,8741754,
kev_20220613_117.pdf,2022-06-13,2022,6,13,117,https://koszeg.hu/pictures/koszeg/kev/kev_20220613_117.pdf,koszeg_es_videke_archive\pdf\2022\kev_20220613_117.pdf,downloaded,8692364,
kev_20220711_118.pdf,2022-07-11,2022,7,11,118,https://koszeg.hu/pictures/koszeg/kev/kev_20220711_118.pdf,koszeg_es_videke_archive\pdf\2022\kev_20220711_118.pdf,downloaded,8663627,
kev_20220815_119.pdf,2022-08-15,2022,8,15,119,https://koszeg.hu/pictures/koszeg/kev/kev_20220815_119.pdf,koszeg_es_videke_archive\pdf\2022\kev_20220815_119.pdf,downloaded,8920356,
kev_20220912_120.pdf,2022-09-12,2022,9,12,120,https://koszeg.hu/pictures/koszeg/kev/kev_20220912_120.pdf,koszeg_es_videke_archive\pdf\2022\kev_20220912_120.pdf,downloaded,8499705,
kev_20221010_121.pdf,2022-10-10,2022,10,10,121,https://koszeg.hu/pictures/koszeg/kev/kev_20221010_121.pdf,koszeg_es_videke_archive\pdf\2022\kev_20221010_121.pdf,downloaded,11750519,
kev_20221114_122.pdf,2022-11-14,2022,11,14,122,https://koszeg.hu/pictures/koszeg/kev/kev_20221114_122.pdf,koszeg_es_videke_archive\pdf\2022\kev_20221114_122.pdf,downloaded,8776228,
kev_20221212_123.pdf,2022-12-12,2022,12,12,123,https://koszeg.hu/pictures/koszeg/kev/kev_20221212_123.pdf,koszeg_es_videke_archive\pdf\2022\kev_20221212_123.pdf,downloaded,9835371,
kev_20230118_124.pdf,2023-01-18,2023,1,18,124,https://koszeg.hu/pictures/koszeg/kev/kev_20230118_124.pdf,koszeg_es_videke_archive\pdf\2023\kev_20230118_124.pdf,downloaded,12677124,
kev_20230213_125.pdf,2023-02-13,2023,2,13,125,https://koszeg.hu/pictures/koszeg/kev/kev_20230213_125.pdf,koszeg_es_videke_archive\pdf\2023\kev_20230213_125.pdf,downloaded,18015646,
kev_20230313_126.pdf,2023-03-13,2023,3,13,126,https://koszeg.hu/pictures/koszeg/kev/kev_20230313_126.pdf,koszeg_es_videke_archive\pdf\2023\kev_20230313_126.pdf,downloaded,12577353,
kev_20230417_127.pdf,2023-04-17,2023,4,17,127,https://koszeg.hu/pictures/koszeg/kev/kev_20230417_127.pdf,koszeg_es_videke_archive\pdf\2023\kev_20230417_127.pdf,downloaded,12965630,
kev_20230515_128.pdf,2023-05-15,2023,5,15,128,https://koszeg.hu/pictures/koszeg/kev/kev_20230515_128.pdf,koszeg_es_videke_archive\pdf\2023\kev_20230515_128.pdf,downloaded,16250412,
kev_20230612_129.pdf,2023-06-12,2023,6,12,129,https://koszeg.hu/pictures/koszeg/kev/kev_20230612_129.pdf,koszeg_es_videke_archive\pdf\2023\kev_20230612_129.pdf,downloaded,14340453,
kev_20230710_130.pdf,2023-07-10,2023,7,10,130,https://koszeg.hu/pictures/koszeg/kev/kev_20230710_130.pdf,koszeg_es_videke_archive\pdf\2023\kev_20230710_130.pdf,downloaded,13508529,
kev_20230815_131.pdf,2023-08-15,2023,8,15,131,https://koszeg.hu/pictures/koszeg/kev/kev_20230815_131.pdf,koszeg_es_videke_archive\pdf\2023\kev_20230815_131.pdf,downloaded,13855168,
kev_20230918_132.pdf,2023-09-18,2023,9,18,132,https://koszeg.hu/pictures/koszeg/kev/kev_20230918_132.pdf,koszeg_es_videke_archive\pdf\2023\kev_20230918_132.pdf,downloaded,13333742,
kev_20231016_133.pdf,2023-10-16,2023,10,16,133,https://koszeg.hu/pictures/koszeg/kev/kev_20231016_133.pdf,koszeg_es_videke_archive\pdf\2023\kev_20231016_133.pdf,downloaded,12759252,
kev_20231113_134.pdf,2023-11-13,2023,11,13,134,https://koszeg.hu/pictures/koszeg/kev/kev_20231113_134.pdf,koszeg_es_videke_archive\pdf\2023\kev_20231113_134.pdf,downloaded,11374446,
kev_20231211_135.pdf,2023-12-11,2023,12,11,135,https://koszeg.hu/pictures/koszeg/kev/kev_20231211_135.pdf,koszeg_es_videke_archive\pdf\2023\kev_20231211_135.pdf,downloaded,12671575,
kev_20240115_136.pdf,2024-01-15,2024,1,15,136,https://koszeg.hu/pictures/koszeg/kev/kev_20240115_136.pdf,koszeg_es_videke_archive\pdf\2024\kev_20240115_136.pdf,downloaded,16319766,
kev_20240212_137.pdf,2024-02-12,2024,2,12,137,https://koszeg.hu/pictures/koszeg/kev/kev_20240212_137.pdf,koszeg_es_videke_archive\pdf\2024\kev_20240212_137.pdf,downloaded,8825659,
kev_20240311_138.pdf,2024-03-11,2024,3,11,138,https://koszeg.hu/pictures/koszeg/kev/kev_20240311_138.pdf,koszeg_es_videke_archive\pdf\2024\kev_20240311_138.pdf,downloaded,13390381,
kev_20240415_139.pdf,2024-04-15,2024,4,15,139,https://koszeg.hu/pictures/koszeg/kev/kev_20240415_139.pdf,koszeg_es_videke_archive\pdf\2024\kev_20240415_139.pdf,downloaded,11362320,
kev_20240513_140.pdf,2024-05-13,2024,5,13,140,https://koszeg.hu/pictures/koszeg/kev/kev_20240513_140.pdf,koszeg_es_videke_archive\pdf\2024\kev_20240513_140.pdf,downloaded,15244396,
kev_20240617_141.pdf,2024-06-17,2024,6,17,141,https://koszeg.hu/pictures/koszeg/kev/kev_20240617_141.pdf,koszeg_es_videke_archive\pdf\2024\kev_20240617_141.pdf,downloaded,12815095,
kev_20240708_142.pdf,2024-07-08,2024,7,8,142,https://koszeg.hu/pictures/koszeg/kev/kev_20240708_142.pdf,koszeg_es_videke_archive\pdf\2024\kev_20240708_142.pdf,downloaded,13015854,
kev_20240812_143.pdf,2024-08-12,2024,8,12,143,https://koszeg.hu/pictures/koszeg/kev/kev_20240812_143.pdf,koszeg_es_videke_archive\pdf\2024\kev_20240812_143.pdf,downloaded,9727004,
kev_20240909_144.pdf,2024-09-09,2024,9,9,144,https://koszeg.hu/pictures/koszeg/kev/kev_20240909_144.pdf,koszeg_es_videke_archive\pdf\2024\kev_20240909_144.pdf,downloaded,14240837,
kev_20241014_145.pdf,2024-10-14,2024,10,14,145,https://koszeg.hu/pictures/koszeg/kev/kev_20241014_145.pdf,koszeg_es_videke_archive\pdf\2024\kev_20241014_145.pdf,downloaded,15146769,
kev_20241111_146.pdf,2024-11-11,2024,11,11,146,https://koszeg.hu/pictures/koszeg/kev/kev_20241111_146.pdf,koszeg_es_videke_archive\pdf\2024\kev_20241111_146.pdf,downloaded,13816507,
kev_20241209_147.pdf,2024-12-09,2024,12,9,147,https://koszeg.hu/pictures/koszeg/kev/kev_20241209_147.pdf,koszeg_es_videke_archive\pdf\2024\kev_20241209_147.pdf,downloaded,15579579,
kev_20250113_148.pdf,2025-01-13,2025,1,13,148,https://koszeg.hu/pictures/koszeg/kev/kev_20250113_148.pdf,koszeg_es_videke_archive\pdf\2025\kev_20250113_148.pdf,downloaded,9719706,
kev_20250210_149.pdf,2025-02-10,2025,2,10,149,https://koszeg.hu/pictures/koszeg/kev/kev_20250210_149.pdf,koszeg_es_videke_archive\pdf\2025\kev_20250210_149.pdf,downloaded,13820031,
kev_20250310_150.pdf,2025-03-10,2025,3,10,150,https://koszeg.hu/pictures/koszeg/kev/kev_20250310_150.pdf,koszeg_es_videke_archive\pdf\2025\kev_20250310_150.pdf,downloaded,13402396,
kev_20250407_151.pdf,2025-04-07,2025,4,7,151,https://koszeg.hu/pictures/koszeg/kev/kev_20250407_151.pdf,koszeg_es_videke_archive\pdf\2025\kev_20250407_151.pdf,downloaded,10588296,
kev_20250512_152.pdf,2025-05-12,2025,5,12,152,https://koszeg.hu/pictures/koszeg/kev/kev_20250512_152.pdf,koszeg_es_videke_archive\pdf\2025\kev_20250512_152.pdf,downloaded,13821751,
kev_20250610_156.pdf,2025-06-10,2025,6,10,156,https://koszeg.hu/pictures/koszeg/kev/kev_20250610_156.pdf,koszeg_es_videke_archive\pdf\2025\kev_20250610_156.pdf,downloaded,15188308,
kev_20250707_157.pdf,2025-07-07,2025,7,7,157,https://koszeg.hu/pictures/koszeg/kev/kev_20250707_157.pdf,koszeg_es_videke_archive\pdf\2025\kev_20250707_157.pdf,downloaded,13276768,
kev_20250811_158.pdf,2025-08-11,2025,8,11,158,https://koszeg.hu/pictures/koszeg/kev/kev_20250811_158.pdf,koszeg_es_videke_archive\pdf\2025\kev_20250811_158.pdf,downloaded,14124170,
kev_20250908_159.pdf,2025-09-08,2025,9,8,159,https://koszeg.hu/pictures/koszeg/kev/kev_20250908_159.pdf,koszeg_es_videke_archive\pdf\2025\kev_20250908_159.pdf,downloaded,13045943,
kev_20251013_160.pdf,2025-10-13,2025,10,13,160,https://koszeg.hu/pictures/koszeg/kev/kev_20251013_160.pdf,koszeg_es_videke_archive\pdf\2025\kev_20251013_160.pdf,downloaded,16160227,
kev_20251110_161.pdf,2025-11-10,2025,11,10,161,https://koszeg.hu/pictures/koszeg/kev/kev_20251110_161.pdf,koszeg_es_videke_archive\pdf\2025\kev_20251110_161.pdf,downloaded,14423641,
kev_20251208_162.pdf,2025-12-08,2025,12,8,162,https://koszeg.hu/pictures/koszeg/kev/kev_20251208_162.pdf,koszeg_es_videke_archive\pdf\2025\kev_20251208_162.pdf,downloaded,16285940,
kev_20260119_163.pdf,2026-01-19,2026,1,19,163,https://koszeg.hu/pictures/koszeg/kev/kev_20260119_163.pdf,koszeg_es_videke_archive\pdf\2026\kev_20260119_163.pdf,downloaded,10259010,
kev_20260216_164.pdf,2026-02-16,2026,2,16,164,https://koszeg.hu/pictures/koszeg/kev/kev_20260216_164.pdf,koszeg_es_videke_archive\pdf\2026\kev_20260216_164.pdf,downloaded,14832132,
kev_20260316_166.pdf,2026-03-16,2026,3,16,166,https://koszeg.hu/pictures/koszeg/kev/kev_20260316_166.pdf,koszeg_es_videke_archive\pdf\2026\kev_20260316_166.pdf,downloaded,17173420,
kev_20260414_167.pdf,2026-04-14,2026,4,14,167,https://koszeg.hu/pictures/koszeg/kev/kev_20260414_167.pdf,koszeg_es_videke_archive\pdf\2026\kev_20260414_167.pdf,downloaded,13282760,
kev_20260511_168.pdf,2026-05-11,2026,5,11,168,https://koszeg.hu/pictures/koszeg/kev/kev_20260511_168.pdf,koszeg_es_videke_archive\pdf\2026\kev_20260511_168.pdf,downloaded,14923587,
kev_20260608_169.pdf,2026-06-08,2026,6,8,169,https://koszeg.hu/pictures/koszeg/kev/kev_20260608_169.pdf,koszeg_es_videke_archive\pdf\2026\kev_20260608_169.pdf,downloaded,12885273,
kev_20260706_170.pdf,2026-07-06,2026,7,6,170,https://koszeg.hu/pictures/koszeg/kev/kev_20260706_170.pdf,koszeg_es_videke_archive\pdf\2026\kev_20260706_170.pdf,downloaded,12887703,
kev_20260817_171.pdf,2026-08-17,2026,8,17,171,https://koszeg.hu/pictures/koszeg/kev/kev_20260817_171.pdf,koszeg_es_videke_archive\pdf\2026\kev_20260817_171.pdf,downloaded,19538670,
kev_20260914_172.pdf,2026-09-14,2026,9,14,172,https://koszeg.hu/pictures/koszeg/kev/kev_20260914_172.pdf,koszeg_es_videke_archive\pdf\2026\kev_20260914_172.pdf,downloaded,14580891,
